X,Y,Z,Name
116.4156602,40.0672449,0,点1
116.4158763,40.0661501,0,点2
116.4161223,40.0650082,0,点3 
116.4151951,40.0653933,0,点4
116.4144119,40.0664459,0,点5
116.411652,40.0656104,0,点6
116.4125962,40.0665731,0,点7
116.4118902,40.067209,0,点8
116.4106992,40.066683,0,点9
116.4106807,40.0649954,0,点10
116.4096251,40.0650956,0,点11
116.4097761,40.0674483,0,点12
116.4082137,40.0668868,0,点13
116.408592,40.0656442,0,点14
116.4077322,40.0655149,0,点15
116.4064482,40.0653167,0,点16
116.4085534,40.063809,0,点17
116.4077515,40.0632199,0,点18
116.4086829,40.0628323,0,点19
116.4068564,40.0632818,0,点20
116.4067606,40.0620435,0,点21
116.4148639,40.0644829,0,点22
116.415572,40.0638342,0,点23
116.4147244,40.0633333,0,点24
116.4162908,40.0620195,0,点25
116.4145849,40.0621016,0,点26
116.4066089,40.0662486,0,点27
116.4067591,40.0644093,0,点28
116.4117373,40.0641137,0,点29
116.4118339,40.0627178,0,点30
116.4124991,40.0621595,0,点31
116.410761,40.0620938,0,点32
116.4126814,40.0613794,0,点33
116.4098598,40.0625865,0,点34
116.4111968,40.0599185,0,点35
116.4127954,40.0590316,0,点36
116.4181384,40.067365,0,点37
116.4189538,40.0664946,0,点38
116.4200052,40.0655258,0,点39
116.4196404,40.0642284,0,点40
116.4204558,40.0628325,0,点41
116.4189538,40.0623727,0,点42
116.4185246,40.0611246,0,点43
116.4182457,40.0598929,0,点44
116.4155206,40.0608947,0,点45
116.4184817,40.064212,0,点46
116.4201983,40.0671515,0,点47
116.422151,40.0667081,0,点48
116.4241465,40.0666917,0,点49
116.4239963,40.0639657,0,点50
116.4221295,40.0644912,0,点51
116.4222583,40.0658378,0,点52
116.4235457,40.063046,0,点53
116.4258846,40.0664946,0,点54
116.4273437,40.0657393,0,点55
116.4099845,40.0639657,0,点56
116.4112505,40.0588911,0,点57
116.4070716,40.0675251,0,点58
116.4272633,40.0666383,0,点59
116.4272418,40.0646841,0,点60
116.4257398,40.0636742,0,点61
116.4255037,40.0626067,0,点62
116.427156,40.0635757,0,点63
116.4246669,40.0622619,0,点64
116.422607,40.0624754,0,点65
116.4224782,40.0610794,0,点66
116.4176073,40.0640191,0,点67
116.4176288,40.0660061,0,点68
116.4237442,40.0684036,0,点69
116.4240446,40.0695859,0,点70
116.4223924,40.0684365,0,点71
116.4225211,40.0697173,0,点72
116.4241519,40.0705219,0,点73
116.4243879,40.0659568,0,点74
116.4209333,40.0598806,0,点75
116.4200535,40.0591908,0,点76
116.4249888,40.0614407,0,点77
116.4097753,40.0598241,0,点78
116.4210835,40.0591179,0,点79
116.4245167,40.0606781,0,点80
116.41853,40.059085,0,点81
116.4175215,40.0577547,0,点82
116.415247,40.0571306,0,点83
116.4193668,40.0571963,0,点84
116.4187446,40.0566872,0,点85
116.4173713,40.0561616,0,点86
116.4238515,40.0592164,0,点87
116.4085951,40.0604482,0,点88
116.4118137,40.0573441,0,点89
116.41014,40.0576233,0,点90
116.4153742,40.068387,0,点91
116.4136147,40.0684199,0,点92
116.4149879,40.0696514,0,点93
116.4141726,40.0703904,0,点94
116.4140438,40.0696186,0,点95
116.4105891,40.056842,0,点96
116.4129495,40.0565464,0,点97
116.4066838,40.0598968,0,点98
116.4081859,40.068387,0,点99
116.4115118,40.0687647,0,点100
116.407585,40.0695858,0,点101
116.4111899,40.0703904,0,点102
116.4065336,40.0692738,0,点103
116.4067911,40.0712278,0,点104
116.4100527,40.0713756,0,点105
116.4084219,40.0726235,0,点106
116.4064049,40.0726071,0,点107
116.4104818,40.0727482,0,点108
116.4113187,40.0721243,0,点109
116.4072739,40.0592907,0,点110
116.407982,40.0587652,0,点111
116.4066731,40.0584367,0,点112
116.4098488,40.0697351,0,点113
116.4175736,40.0703098,0,点114
116.4174019,40.0693574,0,点115
116.418904,40.0703591,0,点116
116.418904,40.0694888,0,点117
116.4204918,40.0704083,0,点118
116.4205777,40.0695873,0,点119
116.4112865,40.0698829,0,点120
116.4151274,40.0729535,0,点121
116.4143764,40.0721653,0,点122
116.4157926,40.0715578,0,点123
116.4175521,40.0730027,0,点124
116.417638,40.0719518,0,点125
116.4189469,40.0728221,0,点126
116.4189254,40.0718369,0,点127
116.4272295,40.0689469,0,点128
116.415342,40.0752194,0,点129
116.4166724,40.0749895,0,点130
116.4187323,40.0751209,0,点131
116.4202343,40.0750552,0,点132
116.4202343,40.0768941,0,点133
116.4185505,40.0771512,0,点134
116.4178853,40.0762482,0,点135
116.4152889,40.0769706,0,点136
116.4167909,40.0783169,0,点137
116.4201598,40.0789737,0,点138
116.4153533,40.0782184,0,点139
116.4229708,40.073621,0,点140
116.424387,40.0737688,0,点141
116.424387,40.0729807,0,点142
116.4220266,40.0723567,0,点143
116.4266186,40.0738017,0,点144
116.4275627,40.0734076,0,点145
116.4257173,40.0727836,0,点146
116.4273481,40.0725537,0,点147
116.4275627,40.0715685,0,点148
116.4291935,40.0728821,0,点149
116.4311676,40.0726851,0,点150
116.4306526,40.0716014,0,点151
116.4239578,40.0759362,0,点152
116.4259319,40.0764288,0,点153
116.4260177,40.0753779,0,点154
116.4220266,40.0765273,0,点155
116.4222412,40.0751809,0,点156
116.4295797,40.0755093,0,点157
116.4305668,40.0772169,0,点158
116.4324121,40.0762646,0,点159
116.4320259,40.0755093,0,点160
116.4306526,40.0752137,0,点161
116.4328842,40.0782677,0,点162
116.4298801,40.0789901,0,点163
116.4275627,40.0761004,0,点164
116.4259748,40.0783334,0,点165
116.4230995,40.0778408,0,点166
116.424387,40.0790886,0,点167
116.4117698,40.0752466,0,点168
116.4118128,40.0769213,0,点169
116.4072208,40.0774796,0,点170
116.4102249,40.0770855,0,点171
116.4100532,40.0762317,0,点172
116.4085941,40.0770855,0,点173
116.4084224,40.0763631,0,点174
116.4072208,40.0763631,0,点175
116.4070062,40.0791215,0,点176
116.4332275,40.0777094,0,点177
116.4348583,40.0774467,0,点178
116.4361458,40.0770199,0,点179
116.4345579,40.0760675,0,点180
116.4294939,40.0748197,0,点181
116.4333992,40.0748854,0,点182
116.4378624,40.0772826,0,点183
116.4369182,40.0787602,0,点184
116.4357166,40.0762317,0,点185
116.4342146,40.0741957,0,点186
116.436017,40.0754765,0,点187
116.4308672,40.0693682,0,点188
116.4307813,40.0684158,0,点189
116.430438,40.0676276,0,点190
116.4302234,40.0670692,0,点191
116.4322834,40.0680545,0,点192
116.4335708,40.0676604,0,点193
116.4330988,40.0670035,0,点194
116.4317684,40.0665437,0,点195
116.4339142,40.0654928,0,点196
116.4310388,40.0653614,0,点197
116.4325409,40.0646717,0,点198
116.4292364,40.0646388,0,点199
116.4306526,40.0642119,0,点200
116.431983,40.0634564,0,点201
116.434,40.0639163,0,点202
116.4358024,40.0646388,0,点203
116.4067488,40.0750824,0,点204
116.4349441,40.0677918,0,点205
116.4353733,40.0669379,0,点206
116.4356308,40.0627338,0,点207
116.4276485,40.0707804,0,点208
116.4297085,40.0707147,0,点209
116.4333992,40.0732434,0,点210
116.432498,40.0726194,0,点211
116.4315967,40.0716999,0,点212
116.4085083,40.0756078,0,点213
116.4106111,40.0752466,0,点214
116.4083366,40.074557,0,点215
116.411684,40.0745898,0,点216
116.4394932,40.0763175,0,点217
116.4393215,40.0757921,0,点218
116.440566,40.0759563,0,点219
116.4408664,40.0751024,0,点220
116.4397507,40.0742815,0,点221
116.4409094,40.0738874,0,点222
116.4386349,40.0739531,0,点223
116.4395361,40.0733948,0,点224
116.4386778,40.0728365,0,点225
116.4408664,40.0729022,0,点226
116.4400511,40.0724753,0,点227
116.4412527,40.0718842,0,点228
116.4387207,40.0718842,0,点229
116.4397077,40.0715558,0,点230
116.437562,40.0714572,0,点231
116.4357166,40.0730664,0,点232
116.4369182,40.0731649,0,点233
116.4373474,40.0747412,0,点234
116.4391498,40.0708989,0,点235
116.4398365,40.0699466,0,点236
116.4409523,40.0695525,0,点237
116.4378624,40.069651,0,点238
116.4386349,40.0691255,0,点239
116.4400774,40.0691339,0,点240
116.4372235,40.0688712,0,点241
116.4413005,40.06828,0,点242
116.4388972,40.0678203,0,点243
116.4399272,40.0678203,0,点244
116.4377385,40.0672619,0,点245
116.4400774,40.0669663,0,点246
116.4203363,40.0736331,0,点247
116.4204221,40.072845,0,点248
116.4386182,40.0666379,0,点249
116.4399057,40.0658825,0,点250
116.441279,40.0669335,0,点251
116.4375454,40.0654227,0,点252
116.4265161,40.0625324,0,点253
116.4387899,40.0652913,0,点254
116.4410215,40.0653899,0,点255
116.4375454,40.0646345,0,点256
116.4391761,40.0645688,0,点257
116.4409357,40.0645359,0,点258
116.4377599,40.0638462,0,点259
116.4411073,40.0629266,0,点260
116.4225679,40.0603646,0,点261
116.4211088,40.0570142,0,点262
116.4215809,40.0584595,0,点263
116.40832,40.0716627,0,点264
116.4262157,40.0718597,0,点265
116.4315801,40.0784932,0,点266
116.4344125,40.0791171,0,点267
116.4293056,40.077311,0,点268
116.4276748,40.0789857,0,点269
116.4206796,40.0613171,0,点270
116.4295202,40.0661453,0,点271
116.4375024,40.0628937,0,点272
116.4388757,40.0629594,0,点273
116.4256578,40.0713015,0,点274
116.4157873,40.0589194,0,点275
116.4165598,40.0606602,0,点276
116.4121395,40.055996,0,点277
116.433683,40.0630579,0,点278
116.4251428,40.0601347,0,点279
116.4229112,40.0588208,0,点280
116.4193922,40.0560945,0,点281
116.4099079,40.055996,0,点282
116.4085898,40.0790514,0,点283
116.4098344,40.0788872,0,点284
116.4112076,40.0784932,0,点285
116.4185891,40.0787231,0,点286
116.4101777,40.0690354,0,点287
116.4167866,40.0774752,0,点288
116.4108643,40.0555689,0,点289
116.4124951,40.0553719,0,点290
116.4244685,40.0753079,0,点291
116.411551,40.0552076,0,点292
116.4124522,40.0544144,0,点293
116.4109502,40.0540202,0,点294
116.4084611,40.0548743,0,点295
116.4062724,40.0555641,0,点296
116.4086756,40.0570094,0,点297
116.4071307,40.0571408,0,点298
116.4075169,40.056451,0,点299
116.4081177,40.0619364,0,点300
